label,MAE,RMSE
Linear Regression (2015-17 → 2018),0.05409690070012964,0.06891796591618891
Random Forest (2015-17 → 2018),0.04296652781871709,0.055666713402278405
